Temperature,Revenue
0.976869989,55.39033824
11.50349764,316.2401944
13.70777988,308.8945179
14.35251388,367.9407438
20.59533505,487.7069603
24.56688442,534.7990284
26.00519115,625.1901215
27.79055388,660.6322888
30.83398474,696.7166402
